Workbook

Sheet Instrucciones
B2: EVALUACION HEURISTICA DE USABILIDAD - NIELSEN
B3: Ingenieria de Software - Calidad y Pruebas - Plantilla de Evaluacion
B5: INSTRUCCIONES DE USO
B6: 1. Complete los datos del equipo evaluador en esta hoja.
B7: 2. Navegue por el MVP asignado durante al menos 20 minutos antes de evaluar.
B8: 3. Use la hoja 'Evaluacion' para registrar todos los problemas encontrados.
B9: 4. Para cada problema, asigne una severidad segun la escala de Nielsen (0 a 4).
B10: 5. Documente con capturas de pantalla o notas descriptivas en la columna Evidencia.
B11: 6. La hoja 'Resumen' se actualiza automaticamente al completar la evaluacion.
B12: 7. La hoja 'Referencia' contiene los principios y ejemplos para consulta.
B15: ESCALA DE SEVERIDAD (Nielsen, 1994)
B16: 0 | C16: No es un problema de usabilidad
B17: 1 | C17: Problema cosmético | corregir solo si hay tiempo
B18: 2 | C18: Problema menor | baja prioridad de correccion
B19: 3 | C19: Problema mayor | alta prioridad, dificulta el uso
B20: 4 | C20: CATASTROFICO | imperativo corregir antes del lanzamiento

Sheet Evaluacion
A1: REGISTRO DE PROBLEMAS DE USABILIDAD — EVALUACION HEURISTICA
A2: Complete una fila por cada problema encontrado. Puede agregar mas filas segun sea necesario.
A3: # | B3: Heuristica | C3: Descripcion del problema | D3: Ubicacion en el MVP | E3: Severidad (0-4) | F3: Evidencia (captura/URL) | G3: Recomendacion de mejora | H3: Evaluador
A4: 1 | B4: H5 - Prevencion de errores | C4: El prototipo no manda mensaje de error al ingresar datos erroneos en inicio de sesión | D4: pagina de inicio de sesión | E4: 4 | G4: Agregar verificación de datos en inicio de sesión | H4: Milton Saavedra
A5: 2 | B5: H3 - Control y libertad | C5: No hay panel de confirmación antes de hacer un nuevo pago | D5: Pantalla de registro de pagos | E5: 3 | G5: Agregar pantalla de confirmación antes de cada registro de pago | H5: Milton Saavedra
A6: 3 | B6: H10 - Ayuda y documentacion | C6: No hay un canal de comunicación con soporte tecnico en el sistema | D6: Pantalla de Gestión Financiera y Cobranza | E6: 2 | F6: https://www.figma.com/make/TTrQ2Pp1NQKmCrkKTOubYI/Prototipo-de-plataforma-web?p=f&t=2PQILv0mTi2qV77J-0 | G6: Agregar una forma de comunicarse con soporte tecnico en la plataforma | H6: Milton Saavedra
A7: 4 | B7: H5 - Prevencion de errores | C7: El prototipo no manda mensaje de error al ingresar un nombre erroneo en el registro de pagos | D7: Pantalla de registro de pagos | E7: 4 | G7: Agregar una verificación para evitar el ingreso de nombres invalidos | H7: Milton Saavedra
A8: 5 | B8: H5 - Prevencion de errores | C8: El prototipo permite ingresar fechas erroneas al registrar pagos | D8: Pantalla de registro de pagos | E8: 4 | G8: Evitar el ingreso de fechas erroneas a la plataforma | H8: Milton Saavedra
A9: 6 | B9: H1 - Visibilidad del estado | C9: Los datos ingresados por el usuario no se guardan | D9: Pantalla de Actualizar Pagos | E9: 3 | G9: Asegurarse de guardar los datos ingresados por el usuario | H9: Milton Saavedra
A10: 7 | B10: H5 - Prevencion de errores | C10: El sistema permite ingresar numero de residencia inexistente | D10: Pantalla de registro de pagos | E10: 4 | G10: Evitar el ingreso de numero de residencia erroneo | H10: Milton Saavedra
A11: 8 | B11: H5 - Prevencion de errores | C11: El sistema no permite actualizar los pagos realizados | D11: Pantalla de Actualizar Pagos | E11: 2 | G11: Permitir que se actualizen los datos que el usuario cambie en sus pagos | H11: Milton Saavedra
A12: 9 | B12: H5 - Prevencion de errores | C12: El sistema permite pagar decimales de pesos | D12: Pantalla de registro de pagos | E12: 3 | G12: Limitar las cantidades a pagar a enteros | H12: Milton Saavedra
A13: 10 | B13: H7 - Flexibilidad y eficiencia | C13: No existen atajos ni formas de hacer mas rapido el transcurso entre pantallas y gestiones | D13: Pantalla de Gestión Financiera y Cobranza | E13: 1 | F13: https://www.figma.com/make/TTrQ2Pp1NQKmCrkKTOubYI/Prototipo-de-plataforma-web?p=f&t=2PQILv0mTi2qV77J-0 | G13: Agregar atajos o sistemas favoritos para la facilidad y eficiencia de uso del sistema | H13: Milton Saavedra
A14: 11
A15: 12
A16: 13
A17: 14
A18: 15
A19: 16
A20: 17
A21: 18
A22: 19
A23: 20
A24: 21
A25: 22
... A28: 25

Sheet Resumen
B1: RESUMEN EJECUTIVO EVALUACION HEURISTICA
B2: Los valores se calculan automaticamente desde la hoja Evaluacion
B4: METRICAS GLOBALES
B5: Total de problemas registrados | C5: =COUNTA(Evaluacion!C4:C28) -> 10
B6: Promedio de severidad | C6: =IFERROR(AVERAGE(Evaluacion!E4:E28),0) -> 3
B7: Problemas catastroficos (sev. 4) | C7: =COUNTIF(Evaluacion!E4:E28,4) -> 4
B8: Problemas mayores (sev. 3) | C8: =COUNTIF(Evaluacion!E4:E28,3) -> 3
B9: Problemas menores (sev. 1-2) | C9: =COUNTIFS(Evaluacion!E4:E28,">=1",Evaluacion!E4:E28,"<=2") -> 3
B11: DISTRIBUCION POR HEURISTICA
B12: Heuristica | C12: # Problemas | D12: Sev. Max. | E12: Sev. Prom. | F12: Estado | G12: Prioridad
B13: H1 - Visibilidad del estado | C13: =COUNTIF(Evaluacion!B4:B28,"*H1*") -> 2 | D13: =IFERROR(_xludf.MAXIFS(Evaluacion!E4:E28,Evaluacion!B4:B28,"*H1*"),0) -> 0 | E13: =IFERROR(AVERAGEIF(Evaluacion!B4:B28,"*H1*",Evaluacion!E4:E28),0) -> 2.5 | F13: =IF(C13=0,"Sin problemas",IF(D13>=4,"CRITICO",IF(D13>=3,"MAYOR","MENOR"))) -> MENOR | G13: =IF(C13=0,"Sin problemas",IF(D13=4,"1 - Inmediata",IF(D13=3,"2 - Alta",IF(D13=2,"3 - Media","4 - Baja")))) -> 4 - Baja
B14: H2 - Sistema y mundo real | C14: =COUNTIF(Evaluacion!B4:B28,"*H2*") -> 0 | D14: =IFERROR(_xludf.MAXIFS(Evaluacion!E4:E28,Evaluacion!B4:B28,"*H2*"),0) -> 0 | E14: =IFERROR(AVERAGEIF(Evaluacion!B4:B28,"*H2*",Evaluacion!E4:E28),0) -> 0 | F14: =IF(C14=0,"Sin problemas",IF(D14>=4,"CRITICO",IF(D14>=3,"MAYOR","MENOR"))) -> Sin problemas | G14: =IF(C14=0,"Sin problemas",IF(D14=4,"1 - Inmediata",IF(D14=3,"2 - Alta",IF(D14=2,"3 - Media","4 - Baja")))) -> Sin problemas
B15: H3 - Control y libertad | C15: =COUNTIF(Evaluacion!B4:B28,"*H3*") -> 1 | D15: =IFERROR(_xludf.MAXIFS(Evaluacion!E4:E28,Evaluacion!B4:B28,"*H3*"),0) -> 0 | E15: =IFERROR(AVERAGEIF(Evaluacion!B4:B28,"*H3*",Evaluacion!E4:E28),0) -> 3 | F15: =IF(C15=0,"Sin problemas",IF(D15>=4,"CRITICO",IF(D15>=3,"MAYOR","MENOR"))) -> MENOR | G15: =IF(C15=0,"Sin problemas",IF(D15=4,"1 - Inmediata",IF(D15=3,"2 - Alta",IF(D15=2,"3 - Media","4 - Baja")))) -> 4 - Baja
B16: H4 - Consistencia y estandares | C16: =COUNTIF(Evaluacion!B4:B28,"*H4*") -> 0 | D16: =IFERROR(_xludf.MAXIFS(Evaluacion!E4:E28,Evaluacion!B4:B28,"*H4*"),0) -> 0 | E16: =IFERROR(AVERAGEIF(Evaluacion!B4:B28,"*H4*",Evaluacion!E4:E28),0) -> 0 | F16: =IF(C16=0,"Sin problemas",IF(D16>=4,"CRITICO",IF(D16>=3,"MAYOR","MENOR"))) -> Sin problemas | G16: =IF(C16=0,"Sin problemas",IF(D16=4,"1 - Inmediata",IF(D16=3,"2 - Alta",IF(D16=2,"3 - Media","4 - Baja")))) -> Sin problemas
B17: H5 - Prevencion de errores | C17: =COUNTIF(Evaluacion!B4:B28,"*H5*") -> 6 | D17: =IFERROR(_xludf.MAXIFS(Evaluacion!E4:E28,Evaluacion!B4:B28,"*H5*"),0) -> 0 | E17: =IFERROR(AVERAGEIF(Evaluacion!B4:B28,"*H5*",Evaluacion!E4:E28),0) -> 3.5 | F17: =IF(C17=0,"Sin problemas",IF(D17>=4,"CRITICO",IF(D17>=3,"MAYOR","MENOR"))) -> MENOR | G17: =IF(C17=0,"Sin problemas",IF(D17=4,"1 - Inmediata",IF(D17=3,"2 - Alta",IF(D17=2,"3 - Media","4 - Baja")))) -> 4 - Baja
B18: H6 - Reconocimiento > recuerdo | C18: =COUNTIF(Evaluacion!B4:B28,"*H6*") -> 0 | D18: =IFERROR(_xludf.MAXIFS(Evaluacion!E4:E28,Evaluacion!B4:B28,"*H6*"),0) -> 0 | E18: =IFERROR(AVERAGEIF(Evaluacion!B4:B28,"*H6*",Evaluacion!E4:E28),0) -> 0 | F18: =IF(C18=0,"Sin problemas",IF(D18>=4,"CRITICO",IF(D18>=3,"MAYOR","MENOR"))) -> Sin problemas | G18: =IF(C18=0,"Sin problemas",IF(D18=4,"1 - Inmediata",IF(D18=3,"2 - Alta",IF(D18=2,"3 - Media","4 - Baja")))) -> Sin problemas
B19: H7 - Flexibilidad y eficiencia | C19: =COUNTIF(Evaluacion!B4:B28,"*H7*") -> 1 | D19: =IFERROR(_xludf.MAXIFS(Evaluacion!E4:E28,Evaluacion!B4:B28,"*H7*"),0) -> 0 | E19: =IFERROR(AVERAGEIF(Evaluacion!B4:B28,"*H7*",Evaluacion!E4:E28),0) -> 1 | F19: =IF(C19=0,"Sin problemas",IF(D19>=4,"CRITICO",IF(D19>=3,"MAYOR","MENOR"))) -> MENOR | G19: =IF(C19=0,"Sin problemas",IF(D19=4,"1 - Inmediata",IF(D19=3,"2 - Alta",IF(D19=2,"3 - Media","4 - Baja")))) -> 4 - Baja
B20: H8 - Diseno minimalista | C20: =COUNTIF(Evaluacion!B4:B28,"*H8*") -> 0 | D20: =IFERROR(_xludf.MAXIFS(Evaluacion!E4:E28,Evaluacion!B4:B28,"*H8*"),0) -> 0 | E20: =IFERROR(AVERAGEIF(Evaluacion!B4:B28,"*H8*",Evaluacion!E4:E28),0) -> 0 | F20: =IF(C20=0,"Sin problemas",IF(D20>=4,"CRITICO",IF(D20>=3,"MAYOR","MENOR"))) -> Sin problemas | G20: =IF(C20=0,"Sin problemas",IF(D20=4,"1 - Inmediata",IF(D20=3,"2 - Alta",IF(D20=2,"3 - Media","4 - Baja")))) -> Sin problemas
B21: H9 - Recuperacion de errores | C21: =COUNTIF(Evaluacion!B4:B28,"*H9*") -> 0 | D21: =IFERROR(_xludf.MAXIFS(Evaluacion!E4:E28,Evaluacion!B4:B28,"*H9*"),0) -> 0 | E21: =IFERROR(AVERAGEIF(Evaluacion!B4:B28,"*H9*",Evaluacion!E4:E28),0) -> 0 | F21: =IF(C21=0,"Sin problemas",IF(D21>=4,"CRITICO",IF(D21>=3,"MAYOR","MENOR"))) -> Sin problemas | G21: =IF(C21=0,"Sin problemas",IF(D21=4,"1 - Inmediata",IF(D21=3,"2 - Alta",IF(D21=2,"3 - Media","4 - Baja")))) -> Sin problemas
B22: H10 - Ayuda y documentacion | C22: =COUNTIF(Evaluacion!B4:B28,"*H10*") -> 1 | D22: =IFERROR(_xludf.MAXIFS(Evaluacion!E4:E28,Evaluacion!B4:B28,"*H10*"),0) -> 0 | E22: =IFERROR(AVERAGEIF(Evaluacion!B4:B28,"*H10*",Evaluacion!E4:E28),0) -> 2 | F22: =IF(C22=0,"Sin problemas",IF(D22>=4,"CRITICO",IF(D22>=3,"MAYOR","MENOR"))) -> MENOR | G22: =IF(C22=0,"Sin problemas",IF(D22=4,"1 - Inmediata",IF(D22=3,"2 - Alta",IF(D22=2,"3 - Media","4 - Baja")))) -> 4 - Baja

Sheet Hoja1
A1: H1 - Visibilidad del estado
A2: H2 - Sistema y mundo real
A3: H3 - Control y libertad
A4: H4 - Consistencia y estandares
A5: H5 - Prevencion de errores
A6: H6 - Reconocimiento > recuerdo
A7: H7 - Flexibilidad y eficiencia
A8: H8 - Diseño minimalista
A9: H9 - Recuperacion de errores
A10: H10 - Ayuda y documentacion
